Loan_ID,Gender,Married,Dependents,Education,Self_Employed,LoanAmount,Loan_Amount_Term,Credit_History,Property_Area,loanAmount_log,total_income,total_income_log
0,1,0,0,0,0,146.41216216216216,360.0,1.0,2,4.857444178729352,5849.0,8.674025985443025
1,1,1,1,0,0,128.0,360.0,1.0,0,4.852030263919617,6091.0,8.714567550836485
2,1,1,0,0,1,66.0,360.0,1.0,2,4.189654742026425,3000.0,8.006367567650246
3,1,1,0,1,0,120.0,360.0,1.0,2,4.787491742782046,4941.0,8.50532301884575
4,1,0,0,0,0,141.0,360.0,1.0,2,4.948759890378168,6000.0,8.699514748210191
